Unnamed: 0,FID,id,malaria_metrics_available,location_available,country,country_id,continent_id,site_id,site_name,latitude,longitude,rural_urban,month_start,year_start,month_end,year_end,lower_age,upper_age,examined,pf_pos,pf_pr,method,rdt_type,pcr_type,permissions_info,source_id1,title1,citation1,source_id2,title2,citation2,source_id3,title3,citation3,elev_m,dist_to_water_m,bioclim1,bioclim4,bioclim12,bioclim15
103,public_pf_data.803402,803402,True,True,Ethiopia,ETH,Africa,6694,Dole School,5.9014,38.9412,UNKNOWN,6,2009,6,2009,4,15,220,0,0.0,Microscopy,,,,5593,"School-based surveys of malaria in Oromia Regional State, Ethiopia: a rapid survey method for malaria in low transmission settings.","Ashton, RA, Kefyalew, T, Tesfaye, G, Pullan, RL, Yadeta, D, Reithinger, R, Kolaczinski, JH and Brooker, S (2011).  <b>School-based surveys of malaria in Oromia Regional State, Ethiopia: a rapid survey method for malaria in low transmission settings.</b> <i>Malaria Journal</i>, <b>10</b>(1):25",,,,,,,1733,3394,196.4375,604.2375,983.8625,71.15
181,public_pf_data.803504,803504,True,True,Ethiopia,ETH,Africa,8017,Gongoma School,6.3175,39.8362,UNKNOWN,6,2009,6,2009,4,15,216,0,0.0,Microscopy,,,,5593,"School-based surveys of malaria in Oromia Regional State, Ethiopia: a rapid survey method for malaria in low transmission settings.","Ashton, RA, Kefyalew, T, Tesfaye, G, Pullan, RL, Yadeta, D, Reithinger, R, Kolaczinski, JH and Brooker, S (2011).  <b>School-based surveys of malaria in Oromia Regional State, Ethiopia: a rapid survey method for malaria in low transmission settings.</b> <i>Malaria Journal</i>, <b>10</b>(1):25",,,,,,,1186,8665,221.07,715.155,744.495,82.8
261,public_pf_data.803608,803608,True,True,Ethiopia,ETH,Africa,12873,Buriya School,7.5674,40.7521,UNKNOWN,6,2009,6,2009,4,15,127,0,0.0,Microscopy,,,,5593,"School-based surveys of malaria in Oromia Regional State, Ethiopia: a rapid survey method for malaria in low transmission settings.","Ashton, RA, Kefyalew, T, Tesfaye, G, Pullan, RL, Yadeta, D, Reithinger, R, Kolaczinski, JH and Brooker, S (2011).  <b>School-based surveys of malaria in Oromia Regional State, Ethiopia: a rapid survey method for malaria in low transmission settings.</b> <i>Malaria Journal</i>, <b>10</b>(1):25",,,,,,,1695,7775,198.445,836.66,990.4125,73.4425
634,public_pf_data.804071,804071,True,True,Ethiopia,ETH,Africa,6533,Arero School,4.7192,38.765,UNKNOWN,6,2009,6,2009,4,15,56,0,0.0,Microscopy,,,,5593,"School-based surveys of malaria in Oromia Regional State, Ethiopia: a rapid survey method for malaria in low transmission settings.","Ashton, RA, Kefyalew, T, Tesfaye, G, Pullan, RL, Yadeta, D, Reithinger, R, Kolaczinski, JH and Brooker, S (2011).  <b>School-based surveys of malaria in Oromia Regional State, Ethiopia: a rapid survey method for malaria in low transmission settings.</b> <i>Malaria Journal</i>, <b>10</b>(1):25",,,,,,,1355,13295,198.3,1133.7625,552.395,102.005
1016,public_pf_data.804570,804570,True,True,Ethiopia,ETH,Africa,4150,Gandile School,4.893,37.3632,UNKNOWN,6,2009,6,2009,4,15,219,0,0.0,Microscopy,,,,5593,"School-based surveys of malaria in Oromia Regional State, Ethiopia: a rapid survey method for malaria in low transmission settings.","Ashton, RA, Kefyalew, T, Tesfaye, G, Pullan, RL, Yadeta, D, Reithinger, R, Kolaczinski, JH and Brooker, S (2011).  <b>School-based surveys of malaria in Oromia Regional State, Ethiopia: a rapid survey method for malaria in low transmission settings.</b> <i>Malaria Journal</i>, <b>10</b>(1):25",,,,,,,1446,5178,216.6875,1322.7,603.4,69.45
1493,public_pf_data.805161,805161,True,True,Ethiopia,ETH,Africa,1369,Melka Amana School,6.2461,39.7891,UNKNOWN,6,2009,6,2009,4,15,215,1,0.0093,Microscopy,,,,5593,"School-based surveys of malaria in Oromia Regional State, Ethiopia: a rapid survey method for malaria in low transmission settings.","Ashton, RA, Kefyalew, T, Tesfaye, G, Pullan, RL, Yadeta, D, Reithinger, R, Kolaczinski, JH and Brooker, S (2011).  <b>School-based surveys of malaria in Oromia Regional State, Ethiopia: a rapid survey method for malaria in low transmission settings.</b> <i>Malaria Journal</i>, <b>10</b>(1):25",,,,,,,1050,1193,222.46,709.8525,720.6425,83.5275
1568,public_pf_data.805245,805245,True,True,Ethiopia,ETH,Africa,5808,Ebisa School,7.1657,40.649,UNKNOWN,6,2009,6,2009,4,15,220,0,0.0,Microscopy,,,,5593,"School-based surveys of malaria in Oromia Regional State, Ethiopia: a rapid survey method for malaria in low transmission settings.","Ashton, RA, Kefyalew, T, Tesfaye, G, Pullan, RL, Yadeta, D, Reithinger, R, Kolaczinski, JH and Brooker, S (2011).  <b>School-based surveys of malaria in Oromia Regional State, Ethiopia: a rapid survey method for malaria in low transmission settings.</b> <i>Malaria Journal</i>, <b>10</b>(1):25",,,,,,,2004,5512,180.15,762.3625,1115.625,84.6375
1626,public_pf_data.805319,805319,True,True,Ethiopia,ETH,Africa,8922,Dhedecha Ferde School,6.7542,41.1559,UNKNOWN,6,2009,6,2009,4,15,129,0,0.0,Microscopy,,,,5593,"School-based surveys of malaria in Oromia Regional State, Ethiopia: a rapid survey method for malaria in low transmission settings.","Ashton, RA, Kefyalew, T, Tesfaye, G, Pullan, RL, Yadeta, D, Reithinger, R, Kolaczinski, JH and Brooker, S (2011).  <b>School-based surveys of malaria in Oromia Regional State, Ethiopia: a rapid survey method for malaria in low transmission settings.</b> <i>Malaria Journal</i>, <b>10</b>(1):25",,,,,,,1057,6481,238.7,793.8675,585.815,104.4775
3099,public_pf_data.807135,807135,True,True,Ethiopia,ETH,Africa,19345,Kuni Oulaoulo School,5.9471,39.2547,UNKNOWN,6,2009,6,2009,4,15,214,1,0.0092,Microscopy,,,,5593,"School-based surveys of malaria in Oromia Regional State, Ethiopia: a rapid survey method for malaria in low transmission settings.","Ashton, RA, Kefyalew, T, Tesfaye, G, Pullan, RL, Yadeta, D, Reithinger, R, Kolaczinski, JH and Brooker, S (2011).  <b>School-based surveys of malaria in Oromia Regional State, Ethiopia: a rapid survey method for malaria in low transmission settings.</b> <i>Malaria Journal</i>, <b>10</b>(1):25",,,,,,,1962,1436,194.3175,632.4125,956.2225,71.7
3418,public_pf_data.807534,807534,True,True,Ethiopia,ETH,Africa,634,Halo Choma School,6.8386,41.0551,UNKNOWN,6,2009,6,2009,4,15,220,0,0.0,Microscopy,,,,5593,"School-based surveys of malaria in Oromia Regional State, Ethiopia: a rapid survey method for malaria in low transmission settings.","Ashton, RA, Kefyalew, T, Tesfaye, G, Pullan, RL, Yadeta, D, Reithinger, R, Kolaczinski, JH and Brooker, S (2011).  <b>School-based surveys of malaria in Oromia Regional State, Ethiopia: a rapid survey method for malaria in low transmission settings.</b> <i>Malaria Journal</i>, <b>10</b>(1):25",,,,,,,1130,3648,233.2675,797.19,640.395,101.9825
3623,public_pf_data.807789,807789,True,True,Ethiopia,ETH,Africa,3416,Megado School,3.8966,38.2213,UNKNOWN,6,2009,6,2009,4,15,215,0,0.0,Microscopy,,,,5593,"School-based surveys of malaria in Oromia Regional State, Ethiopia: a rapid survey method for malaria in low transmission settings.","Ashton, RA, Kefyalew, T, Tesfaye, G, Pullan, RL, Yadeta, D, Reithinger, R, Kolaczinski, JH and Brooker, S (2011).  <b>School-based surveys of malaria in Oromia Regional State, Ethiopia: a rapid survey method for malaria in low transmission settings.</b> <i>Malaria Journal</i>, <b>10</b>(1):25",,,,,,,959,9454,214.5125,1393.0375,550.4,100.075
4775,public_pf_data.809189,809189,True,True,Ethiopia,ETH,Africa,10882,Figa Bike School,5.3172,39.1915,UNKNOWN,6,2009,6,2009,4,15,215,0,0.0,Microscopy,,,,5593,"School-based surveys of malaria in Oromia Regional State, Ethiopia: a rapid survey method for malaria in low transmission settings.","Ashton, RA, Kefyalew, T, Tesfaye, G, Pullan, RL, Yadeta, D, Reithinger, R, Kolaczinski, JH and Brooker, S (2011).  <b>School-based surveys of malaria in Oromia Regional State, Ethiopia: a rapid survey method for malaria in low transmission settings.</b> <i>Malaria Journal</i>, <b>10</b>(1):25",,,,,,,954,1543,221.275,847.425,541.5,104.3625
4900,public_pf_data.809356,809356,True,True,Ethiopia,ETH,Africa,19611,Arbale School,4.1376,37.8933,UNKNOWN,6,2009,6,2009,4,15,219,1,0.0092,Microscopy,,,,5593,"School-based surveys of malaria in Oromia Regional State, Ethiopia: a rapid survey method for malaria in low transmission settings.","Ashton, RA, Kefyalew, T, Tesfaye, G, Pullan, RL, Yadeta, D, Reithinger, R, Kolaczinski, JH and Brooker, S (2011).  <b>School-based surveys of malaria in Oromia Regional State, Ethiopia: a rapid survey method for malaria in low transmission settings.</b> <i>Malaria Journal</i>, <b>10</b>(1):25",,,,,,,921,4708,225.375,1289.725,444.8875,93.3
5100,public_pf_data.809613,809613,True,True,Ethiopia,ETH,Africa,1636,Hare Dube School,6.8855,41.2297,UNKNOWN,6,2009,6,2009,4,15,207,1,0.0097,Microscopy,,,,5593,"School-based surveys of malaria in Oromia Regional State, Ethiopia: a rapid survey method for malaria in low transmission settings.","Ashton, RA, Kefyalew, T, Tesfaye, G, Pullan, RL, Yadeta, D, Reithinger, R, Kolaczinski, JH and Brooker, S (2011).  <b>School-based surveys of malaria in Oromia Regional State, Ethiopia: a rapid survey method for malaria in low transmission settings.</b> <i>Malaria Journal</i>, <b>10</b>(1):25",,,,,,,1144,8850,235.15,809.6375,611.9625,101.925
6233,public_pf_data.811017,811017,True,True,Ethiopia,ETH,Africa,18330,Gorbicha School,5.3182,39.5655,UNKNOWN,6,2009,6,2009,4,15,209,0,0.0,Microscopy,,,,5593,"School-based surveys of malaria in Oromia Regional State, Ethiopia: a rapid survey method for malaria in low transmission settings.","Ashton, RA, Kefyalew, T, Tesfaye, G, Pullan, RL, Yadeta, D, Reithinger, R, Kolaczinski, JH and Brooker, S (2011).  <b>School-based surveys of malaria in Oromia Regional State, Ethiopia: a rapid survey method for malaria in low transmission settings.</b> <i>Malaria Journal</i>, <b>10</b>(1):25",,,,,,,1449,6838,194.0,891.6375,682.5875,110.15
6260,public_pf_data.811055,811055,True,True,Ethiopia,ETH,Africa,18624,Yedi School,6.6748,40.3708,UNKNOWN,6,2009,6,2009,4,15,216,0,0.0,Microscopy,,,,5593,"School-based surveys of malaria in Oromia Regional State, Ethiopia: a rapid survey method for malaria in low transmission settings.","Ashton, RA, Kefyalew, T, Tesfaye, G, Pullan, RL, Yadeta, D, Reithinger, R, Kolaczinski, JH and Brooker, S (2011).  <b>School-based surveys of malaria in Oromia Regional State, Ethiopia: a rapid survey method for malaria in low transmission settings.</b> <i>Malaria Journal</i>, <b>10</b>(1):25",,,,,,,1077,4982,223.73,794.405,727.6775,89.755
6311,public_pf_data.811115,811115,True,True,Ethiopia,ETH,Africa,7095,Lami Karcha School,5.7924,38.3667,UNKNOWN,6,2009,6,2009,4,15,215,0,0.0,Microscopy,,,,5593,"School-based surveys of malaria in Oromia Regional State, Ethiopia: a rapid survey method for malaria in low transmission settings.","Ashton, RA, Kefyalew, T, Tesfaye, G, Pullan, RL, Yadeta, D, Reithinger, R, Kolaczinski, JH and Brooker, S (2011).  <b>School-based surveys of malaria in Oromia Regional State, Ethiopia: a rapid survey method for malaria in low transmission settings.</b> <i>Malaria Journal</i>, <b>10</b>(1):25",,,,,,,2364,4104,174.8475,633.4175,1203.4675,65.8975
6604,public_pf_data.811483,811483,True,True,Ethiopia,ETH,Africa,19825,Chancho School,7.0833,40.7487,UNKNOWN,6,2009,6,2009,4,15,212,0,0.0,Microscopy,,,,5593,"School-based surveys of malaria in Oromia Regional State, Ethiopia: a rapid survey method for malaria in low transmission settings.","Ashton, RA, Kefyalew, T, Tesfaye, G, Pullan, RL, Yadeta, D, Reithinger, R, Kolaczinski, JH and Brooker, S (2011).  <b>School-based surveys of malaria in Oromia Regional State, Ethiopia: a rapid survey method for malaria in low transmission settings.</b> <i>Malaria Journal</i>, <b>10</b>(1):25",,,,,,,1514,9178,199.41,787.5775,964.8125,91.0
7068,public_pf_data.812062,812062,True,True,Ethiopia,ETH,Africa,19645,Dida Yabello School,4.8833,38.0833,UNKNOWN,6,2009,6,2009,4,15,107,0,0.0,Microscopy,,,,5593,"School-based surveys of malaria in Oromia Regional State, Ethiopia: a rapid survey method for malaria in low transmission settings.","Ashton, RA, Kefyalew, T, Tesfaye, G, Pullan, RL, Yadeta, D, Reithinger, R, Kolaczinski, JH and Brooker, S (2011).  <b>School-based surveys of malaria in Oromia Regional State, Ethiopia: a rapid survey method for malaria in low transmission settings.</b> <i>Malaria Journal</i>, <b>10</b>(1):25",,,,,,,1893,11464,187.6225,1176.075,631.34,79.2225
7562,public_pf_data.812651,812651,True,True,Ethiopia,ETH,Africa,7075,Sokora Diriba School,5.6295,39.2865,UNKNOWN,6,2009,6,2009,4,15,198,0,0.0,Microscopy,,,,5593,"School-based surveys of malaria in Oromia Regional State, Ethiopia: a rapid survey method for malaria in low transmission settings.","Ashton, RA, Kefyalew, T, Tesfaye, G, Pullan, RL, Yadeta, D, Reithinger, R, Kolaczinski, JH and Brooker, S (2011).  <b>School-based surveys of malaria in Oromia Regional State, Ethiopia: a rapid survey method for malaria in low transmission settings.</b> <i>Malaria Journal</i>, <b>10</b>(1):25",,,,,,,1518,1054,199.0925,673.7775,759.145,91.745
7599,public_pf_data.812702,812702,True,True,Ethiopia,ETH,Africa,13347,Bore Dimtu School,6.6522,41.4464,UNKNOWN,6,2009,6,2009,4,15,198,0,0.0,Microscopy,,,,5593,"School-based surveys of malaria in Oromia Regional State, Ethiopia: a rapid survey method for malaria in low transmission settings.","Ashton, RA, Kefyalew, T, Tesfaye, G, Pullan, RL, Yadeta, D, Reithinger, R, Kolaczinski, JH and Brooker, S (2011).  <b>School-based surveys of malaria in Oromia Regional State, Ethiopia: a rapid survey method for malaria in low transmission settings.</b> <i>Malaria Journal</i>, <b>10</b>(1):25",,,,,,,1006,3436,242.3625,791.5,532.0725,109.055
7782,public_pf_data.812919,812919,True,True,Ethiopia,ETH,Africa,6256,Muri Turkuma School,5.7115,38.263000000000005,UNKNOWN,6,2009,6,2009,4,15,105,1,0.0095,Microscopy,,,,5593,"School-based surveys of malaria in Oromia Regional State, Ethiopia: a rapid survey method for malaria in low transmission settings.","Ashton, RA, Kefyalew, T, Tesfaye, G, Pullan, RL, Yadeta, D, Reithinger, R, Kolaczinski, JH and Brooker, S (2011).  <b>School-based surveys of malaria in Oromia Regional State, Ethiopia: a rapid survey method for malaria in low transmission settings.</b> <i>Malaria Journal</i>, <b>10</b>(1):25",,,,,,,1938,4508,184.32,700.8525,1003.05,71.085
7892,public_pf_data.813062,813062,True,True,Ethiopia,ETH,Africa,7066,Abdi Boru School,5.3957,38.2671,UNKNOWN,6,2009,6,2009,4,15,216,0,0.0,Microscopy,,,,5593,"School-based surveys of malaria in Oromia Regional State, Ethiopia: a rapid survey method for malaria in low transmission settings.","Ashton, RA, Kefyalew, T, Tesfaye, G, Pullan, RL, Yadeta, D, Reithinger, R, Kolaczinski, JH and Brooker, S (2011).  <b>School-based surveys of malaria in Oromia Regional State, Ethiopia: a rapid survey method for malaria in low transmission settings.</b> <i>Malaria Journal</i>, <b>10</b>(1):25",,,,,,,1629,12568,201.75,870.375,668.375,80.625
8115,public_pf_data.813325,813325,True,True,Ethiopia,ETH,Africa,1283,Hatuse School,5.124,38.231,UNKNOWN,6,2009,6,2009,4,15,106,4,0.0377,Microscopy,,,,5593,"School-based surveys of malaria in Oromia Regional State, Ethiopia: a rapid survey method for malaria in low transmission settings.","Ashton, RA, Kefyalew, T, Tesfaye, G, Pullan, RL, Yadeta, D, Reithinger, R, Kolaczinski, JH and Brooker, S (2011).  <b>School-based surveys of malaria in Oromia Regional State, Ethiopia: a rapid survey method for malaria in low transmission settings.</b> <i>Malaria Journal</i>, <b>10</b>(1):25",,,,,,,1702,7317,197.95,1055.1125,603.725,82.85
8128,public_pf_data.813339,813339,True,True,Ethiopia,ETH,Africa,11973,Soyama Suro School,5.505,37.993,UNKNOWN,6,2009,6,2009,4,15,109,0,0.0,Microscopy,,,,5593,"School-based surveys of malaria in Oromia Regional State, Ethiopia: a rapid survey method for malaria in low transmission settings.","Ashton, RA, Kefyalew, T, Tesfaye, G, Pullan, RL, Yadeta, D, Reithinger, R, Kolaczinski, JH and Brooker, S (2011).  <b>School-based surveys of malaria in Oromia Regional State, Ethiopia: a rapid survey method for malaria in low transmission settings.</b> <i>Malaria Journal</i>, <b>10</b>(1):25",,,,,,,2272,4629,197.8725,1040.865,860.8725,67.405
8192,public_pf_data.813407,813407,True,True,Ethiopia,ETH,Africa,17425,Tabe Haro Wato School,6.0332,38.6116,UNKNOWN,6,2009,6,2009,4,15,209,0,0.0,Microscopy,,,,5593,"School-based surveys of malaria in Oromia Regional State, Ethiopia: a rapid survey method for malaria in low transmission settings.","Ashton, RA, Kefyalew, T, Tesfaye, G, Pullan, RL, Yadeta, D, Reithinger, R, Kolaczinski, JH and Brooker, S (2011).  <b>School-based surveys of malaria in Oromia Regional State, Ethiopia: a rapid survey method for malaria in low transmission settings.</b> <i>Malaria Journal</i>, <b>10</b>(1):25",,,,,,,2221,2229,176.0,568.3225,1427.7625,60.4275
8408,public_pf_data.813678,813678,True,True,Ethiopia,ETH,Africa,2831,Akasha School,7.1968,40.6187,UNKNOWN,6,2009,6,2009,4,15,220,0,0.0,Microscopy,,,,5593,"School-based surveys of malaria in Oromia Regional State, Ethiopia: a rapid survey method for malaria in low transmission settings.","Ashton, RA, Kefyalew, T, Tesfaye, G, Pullan, RL, Yadeta, D, Reithinger, R, Kolaczinski, JH and Brooker, S (2011).  <b>School-based surveys of malaria in Oromia Regional State, Ethiopia: a rapid survey method for malaria in low transmission settings.</b> <i>Malaria Journal</i>, <b>10</b>(1):25",,,,,,,2067,5269,175.195,750.2225,1138.5,80.6225
9872,public_pf_data.815454,815454,True,True,Ethiopia,ETH,Africa,2706,Chabi School,5.1092,37.3569,UNKNOWN,6,2009,6,2009,4,15,220,8,0.0364,Microscopy,,,,5593,"School-based surveys of malaria in Oromia Regional State, Ethiopia: a rapid survey method for malaria in low transmission settings.","Ashton, RA, Kefyalew, T, Tesfaye, G, Pullan, RL, Yadeta, D, Reithinger, R, Kolaczinski, JH and Brooker, S (2011).  <b>School-based surveys of malaria in Oromia Regional State, Ethiopia: a rapid survey method for malaria in low transmission settings.</b> <i>Malaria Journal</i>, <b>10</b>(1):25",,,,,,,1339,7158,225.05,1305.5375,541.725,62.8875
10080,public_pf_data.815721,815721,True,True,Ethiopia,ETH,Africa,21932,Dida Hara School,4.8138,38.3261,UNKNOWN,6,2009,6,2009,4,15,220,0,0.0,Microscopy,,,,5593,"School-based surveys of malaria in Oromia Regional State, Ethiopia: a rapid survey method for malaria in low transmission settings.","Ashton, RA, Kefyalew, T, Tesfaye, G, Pullan, RL, Yadeta, D, Reithinger, R, Kolaczinski, JH and Brooker, S (2011).  <b>School-based surveys of malaria in Oromia Regional State, Ethiopia: a rapid survey method for malaria in low transmission settings.</b> <i>Malaria Journal</i>, <b>10</b>(1):25",,,,,,,1473,1177,194.0125,1113.4375,543.0375,91.5125
10366,public_pf_data.816049,816049,True,True,Ethiopia,ETH,Africa,3655,Harawa Anole School,6.8246,40.0778,UNKNOWN,6,2009,6,2009,4,15,218,0,0.0,Microscopy,,,,5593,"School-based surveys of malaria in Oromia Regional State, Ethiopia: a rapid survey method for malaria in low transmission settings.","Ashton, RA, Kefyalew, T, Tesfaye, G, Pullan, RL, Yadeta, D, Reithinger, R, Kolaczinski, JH and Brooker, S (2011).  <b>School-based surveys of malaria in Oromia Regional State, Ethiopia: a rapid survey method for malaria in low transmission settings.</b> <i>Malaria Journal</i>, <b>10</b>(1):25",,,,,,,1534,738,184.3375,822.655,900.675,66.5625
11211,public_pf_data.817081,817081,True,True,Ethiopia,ETH,Africa,16669,Meta Gefersa School,4.7372,38.8319,UNKNOWN,6,2009,6,2009,4,15,164,0,0.0,Microscopy,,,,5593,"School-based surveys of malaria in Oromia Regional State, Ethiopia: a rapid survey method for malaria in low transmission settings.","Ashton, RA, Kefyalew, T, Tesfaye, G, Pullan, RL, Yadeta, D, Reithinger, R, Kolaczinski, JH and Brooker, S (2011).  <b>School-based surveys of malaria in Oromia Regional State, Ethiopia: a rapid survey method for malaria in low transmission settings.</b> <i>Malaria Journal</i>, <b>10</b>(1):25",,,,,,,1738,6295,196.1225,1114.9475,569.16,101.2725
12063,public_pf_data.818103,818103,True,True,Ethiopia,ETH,Africa,7522,Lutu Hema School,5.147,37.396,UNKNOWN,6,2009,6,2009,4,15,37,0,0.0,Microscopy,,,,5593,"School-based surveys of malaria in Oromia Regional State, Ethiopia: a rapid survey method for malaria in low transmission settings.","Ashton, RA, Kefyalew, T, Tesfaye, G, Pullan, RL, Yadeta, D, Reithinger, R, Kolaczinski, JH and Brooker, S (2011).  <b>School-based surveys of malaria in Oromia Regional State, Ethiopia: a rapid survey method for malaria in low transmission settings.</b> <i>Malaria Journal</i>, <b>10</b>(1):25",,,,,,,1214,2134,230.8125,1258.125,490.375,62.8125
13055,public_pf_data.819312,819312,True,True,Ethiopia,ETH,Africa,9026,Gora Badimena School,6.8403,40.2445,UNKNOWN,6,2009,6,2009,4,15,221,1,0.0091,Microscopy,,,,5593,"School-based surveys of malaria in Oromia Regional State, Ethiopia: a rapid survey method for malaria in low transmission settings.","Ashton, RA, Kefyalew, T, Tesfaye, G, Pullan, RL, Yadeta, D, Reithinger, R, Kolaczinski, JH and Brooker, S (2011).  <b>School-based surveys of malaria in Oromia Regional State, Ethiopia: a rapid survey method for malaria in low transmission settings.</b> <i>Malaria Journal</i>, <b>10</b>(1):25",,,,,,,1289,12608,195.7275,808.3275,865.3625,74.99
13193,public_pf_data.819491,819491,True,True,Ethiopia,ETH,Africa,9160,Handuula Haro School,5.836,39.3276,UNKNOWN,6,2009,6,2009,4,15,212,0,0.0,Microscopy,,,,5593,"School-based surveys of malaria in Oromia Regional State, Ethiopia: a rapid survey method for malaria in low transmission settings.","Ashton, RA, Kefyalew, T, Tesfaye, G, Pullan, RL, Yadeta, D, Reithinger, R, Kolaczinski, JH and Brooker, S (2011).  <b>School-based surveys of malaria in Oromia Regional State, Ethiopia: a rapid survey method for malaria in low transmission settings.</b> <i>Malaria Journal</i>, <b>10</b>(1):25",,,,,,,1885,4642,198.2875,632.8175,863.3625,81.4
13306,public_pf_data.819628,819628,True,True,Ethiopia,ETH,Africa,5565,Danide School,5.9359,39.1084,UNKNOWN,6,2009,6,2009,4,15,211,1,0.0093,Microscopy,,,,5593,"School-based surveys of malaria in Oromia Regional State, Ethiopia: a rapid survey method for malaria in low transmission settings.","Ashton, RA, Kefyalew, T, Tesfaye, G, Pullan, RL, Yadeta, D, Reithinger, R, Kolaczinski, JH and Brooker, S (2011).  <b>School-based surveys of malaria in Oromia Regional State, Ethiopia: a rapid survey method for malaria in low transmission settings.</b> <i>Malaria Journal</i>, <b>10</b>(1):25",,,,,,,1892,432,195.65,630.9875,972.55,70.375
13587,public_pf_data.819980,819980,True,True,Ethiopia,ETH,Africa,6378,Metokomia Hara School,5.625,38.135999999999996,UNKNOWN,6,2009,6,2009,4,15,71,1,0.0141,Microscopy,,,,5593,"School-based surveys of malaria in Oromia Regional State, Ethiopia: a rapid survey method for malaria in low transmission settings.","Ashton, RA, Kefyalew, T, Tesfaye, G, Pullan, RL, Yadeta, D, Reithinger, R, Kolaczinski, JH and Brooker, S (2011).  <b>School-based surveys of malaria in Oromia Regional State, Ethiopia: a rapid survey method for malaria in low transmission settings.</b> <i>Malaria Journal</i>, <b>10</b>(1):25",,,,,,,1833,9572,192.905,742.04,872.2475,73.0075
13841,public_pf_data.820300,820300,True,True,Ethiopia,ETH,Africa,19625,Harawa 3 School,7.3082,40.704,UNKNOWN,6,2009,6,2009,4,15,206,0,0.0,Microscopy,,,,5593,"School-based surveys of malaria in Oromia Regional State, Ethiopia: a rapid survey method for malaria in low transmission settings.","Ashton, RA, Kefyalew, T, Tesfaye, G, Pullan, RL, Yadeta, D, Reithinger, R, Kolaczinski, JH and Brooker, S (2011).  <b>School-based surveys of malaria in Oromia Regional State, Ethiopia: a rapid survey method for malaria in low transmission settings.</b> <i>Malaria Journal</i>, <b>10</b>(1):25",,,,,,,1932,9299,182.27,764.7625,1124.55,82.5
14077,public_pf_data.820594,820594,True,True,Ethiopia,ETH,Africa,7721,Kiltu Sorsa School,5.9245,39.0175,UNKNOWN,6,2009,6,2009,4,15,218,1,0.0092,Microscopy,,,,5593,"School-based surveys of malaria in Oromia Regional State, Ethiopia: a rapid survey method for malaria in low transmission settings.","Ashton, RA, Kefyalew, T, Tesfaye, G, Pullan, RL, Yadeta, D, Reithinger, R, Kolaczinski, JH and Brooker, S (2011).  <b>School-based surveys of malaria in Oromia Regional State, Ethiopia: a rapid survey method for malaria in low transmission settings.</b> <i>Malaria Journal</i>, <b>10</b>(1):25",,,,,,,1761,9714,199.0125,608.6125,941.2625,72.35
30666,public_pf_data.851047,851047,True,True,Ethiopia,ETH,Africa,58693,Hulutu Wera Boran,9.0283,34.6281,RURAL,10,2009,12,2009,6,16,109,0,0.0,Microscopy,,,,6373,Personal communication from R.Ashton,"Ashton, R., . (2009) personal communication.",,,,,,,1765,12427,208.3925,1233.3,1353.855,77.7925
30680,public_pf_data.851048,851048,True,True,Ethiopia,ETH,Africa,58695,Alchaya Jilo,8.9695,34.6469,RURAL,10,2009,12,2009,7,16,101,0,0.0,Microscopy,,,,6373,Personal communication from R.Ashton,"Ashton, R., . (2009) personal communication.",,,,,,,1771,6321,205.2875,1158.3,1418.325,76.5875
30694,public_pf_data.851049,851049,True,True,Ethiopia,ETH,Africa,58723,Kesh Mando,9.5635,34.711999999999996,RURAL,10,2009,12,2009,7,16,109,1,0.9174,Microscopy,,,,6373,Personal communication from R.Ashton,"Ashton, R., . (2009) personal communication.",,,,,,,1384,958,212.0375,1430.275,1231.35,86.5375
30738,public_pf_data.851050,851050,True,True,Ethiopia,ETH,Africa,58691,Tabor,8.567,34.7542,RURAL,10,2009,12,2009,7,15,107,0,0.0,Microscopy,,,,6373,Personal communication from R.Ashton,"Ashton, R., . (2009) personal communication.",,,,,,,1969,4242,204.05,1097.18,1369.0925,67.5425
30756,public_pf_data.851051,851051,True,True,Ethiopia,ETH,Africa,58697,Jimma Tibe,8.9661,34.7948,RURAL,10,2009,12,2009,8,15,110,0,0.0,Microscopy,,,,6373,Personal communication from R.Ashton,"Ashton, R., . (2009) personal communication.",,,,,,,1691,5818,202.1975,1147.8575,1470.985,77.1525
30765,public_pf_data.851052,851052,True,True,Ethiopia,ETH,Africa,58696,Haroji Wado,9.0556,34.8295,RURAL,10,2009,12,2009,7,16,110,0,0.0,Microscopy,,,,6373,Personal communication from R.Ashton,"Ashton, R., . (2009) personal communication.",,,,,,,1502,1368,208.485,1236.4725,1380.555,80.8325
30810,public_pf_data.851053,851053,True,True,Ethiopia,ETH,Africa,58719,Odora Tobera,9.8265,34.9654,RURAL,10,2009,12,2009,7,16,110,0,0.0,Microscopy,,,,6373,Personal communication from R.Ashton,"Ashton, R., . (2009) personal communication.",,,,,,,1491,6926,211.8825,1419.995,1375.485,92.0
31031,public_pf_data.851054,851054,True,True,Ethiopia,ETH,Africa,58699,Haro Mechara,8.7288,34.9704,RURAL,10,2009,12,2009,8,15,110,0,0.0,Microscopy,,,,6373,Personal communication from R.Ashton,"Ashton, R., . (2009) personal communication.",,,,,,,1496,1121,212.775,1147.7,1360.3,77.8
31056,public_pf_data.851055,851055,True,True,Ethiopia,ETH,Africa,58700,Joge Welwello,9.0055,34.9801,RURAL,10,2009,12,2009,7,14,110,0,0.0,Microscopy,,,,6373,Personal communication from R.Ashton,"Ashton, R., . (2009) personal communication.",,,,,,,1894,4927,199.2625,1166.675,1534.5875,79.5
31069,public_pf_data.851056,851056,True,True,Ethiopia,ETH,Africa,58701,Denta Cheber,8.9174,34.9999,RURAL,10,2009,12,2009,7,16,108,0,0.0,Microscopy,,,,6373,Personal communication from R.Ashton,"Ashton, R., . (2009) personal communication.",,,,,,,1508,4594,206.6,1178.745,1445.805,80.1025
31099,public_pf_data.851057,851057,True,True,Ethiopia,ETH,Africa,58734,Suli,8.1959,35.0271,RURAL,10,2009,12,2009,7,16,108,0,0.0,Microscopy,,,,6373,Personal communication from R.Ashton,"Ashton, R., . (2009) personal communication.",,,,,,,817,720,232.99,1026.92,1346.565,74.145
31184,public_pf_data.851058,851058,True,True,Ethiopia,ETH,Africa,58732,Sibo Abo,8.2834,35.0395,RURAL,10,2009,12,2009,7,15,104,0,0.0,Microscopy,,,,6373,Personal communication from R.Ashton,"Ashton, R., . (2009) personal communication.",,,,,,,1701,6622,214.57,1012.35,1402.7575,70.54
31195,public_pf_data.851059,851059,True,True,Ethiopia,ETH,Africa,58698,Darbo Wabera,9.0309,35.0599,RURAL,10,2009,12,2009,7,15,109,0,0.0,Microscopy,,,,6373,Personal communication from R.Ashton,"Ashton, R., . (2009) personal communication.",,,,,,,1860,5547,199.25,1193.4625,1555.5875,81.2875
31355,public_pf_data.851060,851060,True,True,Ethiopia,ETH,Africa,58714,Boti Ayira,8.9772,35.078,RURAL,10,2009,12,2009,7,16,106,0,0.0,Microscopy,,,,6373,Personal communication from R.Ashton,"Ashton, R., . (2009) personal communication.",,,,,,,1753,2697,201.85,1184.5625,1526.4875,81.7875
32172,public_pf_data.851061,851061,True,True,Ethiopia,ETH,Africa,58721,Darge Tobera,9.6416,35.084,RURAL,10,2009,12,2009,7,15,108,0,0.0,Microscopy,,,,6373,Personal communication from R.Ashton,"Ashton, R., . (2009) personal communication.",,,,,,,1579,5935,205.585,1372.1325,1501.175,91.0825
32185,public_pf_data.851062,851062,True,True,Ethiopia,ETH,Africa,58720,Ayira Dembi,9.7045,35.1159,RURAL,10,2009,12,2009,7,16,110,0,0.0,Microscopy,,,,6373,Personal communication from R.Ashton,"Ashton, R., . (2009) personal communication.",,,,,,,1689,2876,202.735,1392.6575,1563.825,91.8075
32198,public_pf_data.851063,851063,True,True,Ethiopia,ETH,Africa,58703,Chamo,8.8416,35.1556,RURAL,10,2009,12,2009,7,16,109,0,0.0,Microscopy,,,,6373,Personal communication from R.Ashton,"Ashton, R., . (2009) personal communication.",,,,,,,1493,4558,210.0575,1172.2,1458.625,82.7425
32211,public_pf_data.851064,851064,True,True,Ethiopia,ETH,Africa,58718,Guyo Hena,9.8058,35.159,RURAL,10,2009,12,2009,7,15,110,1,0.9091,Microscopy,,,,6373,Personal communication from R.Ashton,"Ashton, R., . (2009) personal communication.",,,,,,,1617,1117,203.6675,1410.075,1594.5675,93.5325
32224,public_pf_data.851065,851065,True,True,Ethiopia,ETH,Africa,58704,Arere Chole,8.8657,35.2034,RURAL,10,2009,12,2009,7,15,110,0,0.0,Microscopy,,,,6373,Personal communication from R.Ashton,"Ashton, R., . (2009) personal communication.",,,,,,,1495,10396,207.9425,1168.9,1494.475,83.6575
32237,public_pf_data.851066,851066,True,True,Ethiopia,ETH,Africa,58717,Amuma Gorgis,9.5869,35.2913,RURAL,10,2009,12,2009,8,18,110,0,0.0,Microscopy,,,,6373,Personal communication from R.Ashton,"Ashton, R., . (2009) personal communication.",,,,,,,1773,4077,200.7,1406.935,1638.9525,91.9775
32250,public_pf_data.851067,851067,True,True,Ethiopia,ETH,Africa,58733,A/Kidanemiret,8.1959,35.327,RURAL,10,2009,12,2009,6,16,107,0,0.0,Microscopy,,,,6373,Personal communication from R.Ashton,"Ashton, R., . (2009) personal communication.",,,,,,,1606,849,199.46,930.9475,1626.4975,67.865
32263,public_pf_data.851068,851068,True,True,Ethiopia,ETH,Africa,58706,Amare Kucho,8.9826,35.3308,RURAL,10,2009,12,2009,6,13,110,0,0.0,Microscopy,,,,6373,Personal communication from R.Ashton,"Ashton, R., . (2009) personal communication.",,,,,,,1685,5793,200.125,1208.425,1633.9875,84.7
32276,public_pf_data.851069,851069,True,True,Ethiopia,ETH,Africa,58705,Nono Gino,8.9457,35.3445,RURAL,10,2009,12,2009,7,15,102,0,0.0,Microscopy,,,,6373,Personal communication from R.Ashton,"Ashton, R., . (2009) personal communication.",,,,,,,1673,10088,200.5525,1197.745,1635.055,84.455
32289,public_pf_data.851070,851070,True,True,Ethiopia,ETH,Africa,58738,Anayifa,8.6219,35.3963,RURAL,10,2009,12,2009,7,15,106,0,0.0,Microscopy,,,,6373,Personal communication from R.Ashton,"Ashton, R., . (2009) personal communication.",,,,,,,1602,12495,203.5,1053.9,1623.275,78.6125
32302,public_pf_data.851071,851071,True,True,Ethiopia,ETH,Africa,58737,Gobe,8.622,35.3968,RURAL,10,2009,12,2009,8,16,110,0,0.0,Microscopy,,,,6373,Personal communication from R.Ashton,"Ashton, R., . (2009) personal communication.",,,,,,,1602,12502,203.5,1053.9,1623.275,78.6125
32315,public_pf_data.851072,851072,True,True,Ethiopia,ETH,Africa,58716,Obora,9.674,35.4004,RURAL,10,2009,12,2009,8,16,110,0,0.0,Microscopy,,,,6373,Personal communication from R.Ashton,"Ashton, R., . (2009) personal communication.",,,,,,,1826,7123,196.94,1404.845,1721.0325,92.3925
32328,public_pf_data.851073,851073,True,True,Ethiopia,ETH,Africa,58713,Kata Aba Korma,9.1255,35.4173,RURAL,10,2009,12,2009,8,16,101,0,0.0,Microscopy,,,,6373,Personal communication from R.Ashton,"Ashton, R., . (2009) personal communication.",,,,,,,1547,6310,202.99,1274.0525,1632.1425,87.0775
32341,public_pf_data.851074,851074,True,True,Ethiopia,ETH,Africa,58715,Sonbo Guta,9.6234,35.5107,RURAL,10,2009,12,2009,8,15,110,0,0.0,Microscopy,,,,6373,Personal communication from R.Ashton,"Ashton, R., . (2009) personal communication.",,,,,,,1926,8266,187.15,1383.1025,1850.3075,91.65
32354,public_pf_data.851075,851075,True,True,Ethiopia,ETH,Africa,58727,Qachi,8.353,35.5277,RURAL,10,2009,12,2009,6,15,104,0,0.0,Microscopy,,,,6373,Personal communication from R.Ashton,"Ashton, R., . (2009) personal communication.",,,,,,,1695,964,201.6625,965.7,1674.8375,71.5
32367,public_pf_data.851076,851076,True,True,Ethiopia,ETH,Africa,58731,Adis Alem,8.385,35.5489,RURAL,10,2009,12,2009,7,16,105,0,0.0,Microscopy,,,,6373,Personal communication from R.Ashton,"Ashton, R., . (2009) personal communication.",,,,,,,1585,2101,203.3,983.375,1668.1825,72.4925
32380,public_pf_data.851077,851077,True,True,Ethiopia,ETH,Africa,58711,Alitu Badessa,8.837,35.5591,RURAL,10,2009,12,2009,6,16,101,0,0.0,Microscopy,,,,6373,Personal communication from R.Ashton,"Ashton, R., . (2009) personal communication.",,,,,,,1701,11920,200.525,1143.5875,1728.45,83.35
32393,public_pf_data.851078,851078,True,True,Ethiopia,ETH,Africa,58742,Sanaga Harawe,8.6584,35.5865,RURAL,10,2009,12,2009,6,15,110,0,0.0,Microscopy,,,,6373,Personal communication from R.Ashton,"Ashton, R., . (2009) personal communication.",,,,,,,1702,2562,200.1475,1066.74,1747.3525,79.45
32406,public_pf_data.851079,851079,True,True,Ethiopia,ETH,Africa,58728,Hanger & Dukur,8.2419,35.5915,RURAL,10,2009,12,2009,7,15,110,0,0.0,Microscopy,,,,6373,Personal communication from R.Ashton,"Ashton, R., . (2009) personal communication.",,,,,,,1720,4429,197.845,964.62,1721.1175,68.9
32419,public_pf_data.851080,851080,True,True,Ethiopia,ETH,Africa,58735,Wangegne,8.4416,35.6191,RURAL,10,2009,12,2009,7,16,102,0,0.0,Microscopy,,,,6373,Personal communication from R.Ashton,"Ashton, R., . (2009) personal communication.",,,,,,,1482,3563,207.8,1029.725,1658.5375,74.4875
32432,public_pf_data.851081,851081,True,True,Ethiopia,ETH,Africa,58729,Bake,8.2087,35.6542,RURAL,10,2009,12,2009,7,15,106,0,0.0,Microscopy,,,,6373,Personal communication from R.Ashton,"Ashton, R., . (2009) personal communication.",,,,,,,1752,2755,195.7475,983.725,1755.46,68.45
32445,public_pf_data.851082,851082,True,True,Ethiopia,ETH,Africa,58730,Jafati Sedo,8.2088,35.6542,RURAL,10,2009,12,2009,6,14,104,0,0.0,Microscopy,,,,6373,Personal communication from R.Ashton,"Ashton, R., . (2009) personal communication.",,,,,,,1752,2756,195.7475,983.725,1755.46,68.45
32458,public_pf_data.851083,851083,True,True,Ethiopia,ETH,Africa,58707,Werejoru Becho,9.2143,35.6907,RURAL,10,2009,12,2009,6,15,109,0,0.0,Microscopy,,,,6373,Personal communication from R.Ashton,"Ashton, R., . (2009) personal communication.",,,,,,,1750,10645,197.85,1317.25,1812.875,91.0375
32471,public_pf_data.851084,851084,True,True,Ethiopia,ETH,Africa,58736,Wachale,8.343,35.7183,RURAL,10,2009,12,2009,6,15,108,0,0.0,Microscopy,,,,6373,Personal communication from R.Ashton,"Ashton, R., . (2009) personal communication.",,,,,,,1786,4208,201.3525,1046.7125,1709.4175,72.3975
33257,public_pf_data.851085,851085,True,True,Ethiopia,ETH,Africa,58709,Weljaleta,9.0024,35.7437,RURAL,10,2009,12,2009,7,15,109,0,0.0,Microscopy,,,,6373,Personal communication from R.Ashton,"Ashton, R., . (2009) personal communication.",,,,,,,1652,1654,200.0075,1248.865,1811.255,88.7975
33272,public_pf_data.851086,851086,True,True,Ethiopia,ETH,Africa,58740,Adare,8.5789,35.7507,RURAL,10,2009,12,2009,5,14,80,0,0.0,Microscopy,,,,6373,Personal communication from R.Ashton,"Ashton, R., . (2009) personal communication.",,,,,,,1844,1820,199.4025,1093.7,1788.67,78.2025
33287,public_pf_data.851087,851087,True,True,Ethiopia,ETH,Africa,58741,Chokorsa Doyo,8.5789,35.7586,RURAL,10,2009,12,2009,7,12,106,0,0.0,Microscopy,,,,6373,Personal communication from R.Ashton,"Ashton, R., . (2009) personal communication.",,,,,,,1845,1818,199.2575,1097.1,1790.81,78.2575
33302,public_pf_data.851088,851088,True,True,Ethiopia,ETH,Africa,58708,Choli Mikael,9.1884,35.8027,RURAL,10,2009,12,2009,7,16,110,0,0.0,Microscopy,,,,6373,Personal communication from R.Ashton,"Ashton, R., . (2009) personal communication.",,,,,,,1878,3516,196.75,1325.8625,1863.4125,91.75
33317,public_pf_data.851089,851089,True,True,Ethiopia,ETH,Africa,58739,Sodo,8.7131,35.8033,RURAL,10,2009,12,2009,7,14,110,0,0.0,Microscopy,,,,6373,Personal communication from R.Ashton,"Ashton, R., . (2009) personal communication.",,,,,,,1893,6305,194.24,1106.9625,1854.7025,81.0
33332,public_pf_data.851090,851090,True,True,Ethiopia,ETH,Africa,58712,Haro Choroka,8.8835,35.8197,RURAL,10,2009,12,2009,8,15,109,0,0.0,Microscopy,,,,6373,Personal communication from R.Ashton,"Ashton, R., . (2009) personal communication.",,,,,,,1977,1111,196.585,1206.16,1855.12,86.3
33347,public_pf_data.851091,851091,True,True,Ethiopia,ETH,Africa,58710,Jogir,9.0327,36.021,RURAL,10,2009,12,2009,7,16,110,0,0.0,Microscopy,,,,6373,Personal communication from R.Ashton,"Ashton, R., . (2009) personal communication.",,,,,,,1288,3073,214.5,1674.4125,1598.85,88.0625
33362,public_pf_data.851092,851092,True,True,Ethiopia,ETH,Africa,58763,Mobel Beneso,8.642000000000001,36.1707,RURAL,10,2009,12,2009,7,16,104,0,0.0,Microscopy,,,,6373,Personal communication from R.Ashton,"Ashton, R., . (2009) personal communication.",,,,,,,1878,2712,191.9625,1161.9625,1857.375,80.9125
33377,public_pf_data.851093,851093,True,True,Ethiopia,ETH,Africa,58762,Sebaka Wala,7.4853,36.4795,RURAL,10,2009,12,2009,7,15,110,0,0.0,Microscopy,,,,6373,Personal communication from R.Ashton,"Ashton, R., . (2009) personal communication.",,,,,,,1705,2066,196.1125,769.5375,1627.8125,52.7875
33392,public_pf_data.851094,851094,True,True,Ethiopia,ETH,Africa,58802,Aga Gudina,9.9551,36.5047,RURAL,10,2009,12,2009,7,14,110,0,0.0,Microscopy,,,,6373,Personal communication from R.Ashton,"Ashton, R., . (2009) personal communication.",,,,,,,2003,1719,173.85,1067.11,1821.5975,88.95
33407,public_pf_data.851095,851095,True,True,Ethiopia,ETH,Africa,58725,Hawa Yember,8.431000000000001,36.5301,RURAL,10,2009,12,2009,8,14,110,0,0.0,Microscopy,,,,6373,Personal communication from R.Ashton,"Ashton, R., . (2009) personal communication.",,,,,,,1539,12561,201.6625,1104.9625,1804.86,77.5975
33422,public_pf_data.851096,851096,True,True,Ethiopia,ETH,Africa,58726,Chora,8.481,36.5301,RURAL,10,2009,12,2009,7,17,110,0,0.0,Microscopy,,,,6373,Personal communication from R.Ashton,"Ashton, R., . (2009) personal communication.",,,,,,,1442,8157,208.6625,1194.15,1723.6875,78.25
33437,public_pf_data.851097,851097,True,True,Ethiopia,ETH,Africa,58797,Jarreo Tolera,9.2721,36.5692,RURAL,10,2009,12,2009,8,16,110,0,0.0,Microscopy,,,,6373,Personal communication from R.Ashton,"Ashton, R., . (2009) personal communication.",,,,,,,1438,265,205.7125,1410.2125,1472.1625,90.9
33452,public_pf_data.851098,851098,True,True,Ethiopia,ETH,Africa,58798,Baedira,8.9215,36.5827,RURAL,10,2009,12,2009,8,16,108,0,0.0,Microscopy,,,,6373,Personal communication from R.Ashton,"Ashton, R., . (2009) personal communication.",,,,,,,1876,1846,186.7925,1224.245,1857.9625,83.55
33467,public_pf_data.851099,851099,True,True,Ethiopia,ETH,Africa,58756,Jida,7.8568,36.602,RURAL,10,2009,12,2009,9,15,106,0,0.0,Microscopy,,,,6373,Personal communication from R.Ashton,"Ashton, R., . (2009) personal communication.",,,,,,,1655,301,195.625,997.1875,1768.125,63.1875
33482,public_pf_data.851100,851100,True,True,Ethiopia,ETH,Africa,58799,Horo Aleltu,9.4378,36.6266,RURAL,10,2009,12,2009,7,16,110,0,0.0,Microscopy,,,,6373,Personal communication from R.Ashton,"Ashton, R., . (2009) personal communication.",,,,,,,1340,3436,212.975,1442.7375,1350.8,93.7375
33497,public_pf_data.851101,851101,True,True,Ethiopia,ETH,Africa,58801,Andode Dicho,9.6796,36.6292,RURAL,10,2009,12,2009,6,16,110,0,0.0,Microscopy,,,,6373,Personal communication from R.Ashton,"Ashton, R., . (2009) personal communication.",,,,,,,1470,5622,203.9425,1315.885,1460.2225,94.6825
33512,public_pf_data.851102,851102,True,True,Ethiopia,ETH,Africa,58744,Sentema Goro,7.7164,36.6729,RURAL,10,2009,12,2009,7,16,110,0,0.0,Microscopy,,,,6373,Personal communication from R.Ashton,"Ashton, R., . (2009) personal communication.",,,,,,,2425,2511,173.23,776.8025,1831.5675,60.795
33527,public_pf_data.851103,851103,True,True,Ethiopia,ETH,Africa,58804,Mender 21,9.5265,36.6994,RURAL,10,2009,12,2009,7,15,110,0,0.0,Microscopy,,,,6373,Personal communication from R.Ashton,"Ashton, R., . (2009) personal communication.",,,,,,,1332,2028,213.0,1402.0525,1326.1825,94.85
33542,public_pf_data.851104,851104,True,True,Ethiopia,ETH,Africa,58757,Buture,7.7457,36.7281,RURAL,10,2009,12,2009,7,16,110,0,0.0,Microscopy,,,,6373,Personal communication from R.Ashton,"Ashton, R., . (2009) personal communication.",,,,,,,2099,2314,183.075,842.675,1812.9375,63.375
33656,public_pf_data.851105,851105,True,True,Ethiopia,ETH,Africa,58758,Doyyo Bikila,7.6636,36.7529,RURAL,10,2009,12,2009,8,14,110,0,0.0,Microscopy,,,,6373,Personal communication from R.Ashton,"Ashton, R., . (2009) personal communication.",,,,,,,1900,5646,185.085,836.1225,1725.4175,60.5975
33678,public_pf_data.851043,851043,True,True,Ethiopia,ETH,Africa,58694,Buri,9.0147,34.5418,RURAL,10,2009,12,2009,7,16,110,0,0.0,Microscopy,,,,6373,Personal communication from R.Ashton,"Ashton, R., . (2009) personal communication.",,,,,,,1869,5415,208.2475,1210.095,1360.4825,76.6825
33702,public_pf_data.851044,851044,True,True,Ethiopia,ETH,Africa,58722,Kobor Chandi,9.4807,34.5584,RURAL,10,2009,12,2009,7,15,107,0,0.0,Microscopy,,,,6373,Personal communication from R.Ashton,"Ashton, R., . (2009) personal communication.",,,,,,,1568,4354,209.125,1423.875,1259.4375,83.3125
33840,public_pf_data.850900,850900,True,True,Ethiopia,ETH,Africa,58849,Biftu Oromia,9.1806,41.2514,RURAL,10,2009,12,2009,8,16,108,0,0.0,Microscopy,,,,6373,Personal communication from R.Ashton,"Ashton, R., . (2009) personal communication.",,,,,,,2451,3220,165.965,818.555,1095.2775,68.78
33841,public_pf_data.850901,850901,True,True,Ethiopia,ETH,Africa,58848,Jiru Ifa,9.4228,41.2528,RURAL,10,2009,12,2009,8,16,101,0,0.0,Microscopy,,,,6373,Personal communication from R.Ashton,"Ashton, R., . (2009) personal communication.",,,,,,,1704,4135,208.3675,1358.7575,882.2025,66.945
33842,public_pf_data.850902,850902,True,True,Ethiopia,ETH,Africa,58851,Tokuman Kane,9.0366,41.3133,RURAL,10,2009,12,2009,6,16,98,0,0.0,Microscopy,,,,6373,Personal communication from R.Ashton,"Ashton, R., . (2009) personal communication.",,,,,,,1477,323,192.75,848.825,943.6625,62.6125
33843,public_pf_data.850903,850903,True,True,Ethiopia,ETH,Africa,58845,Mumicho,9.1427,41.4976,RURAL,10,2009,12,2009,7,17,103,0,0.0,Microscopy,,,,6373,Personal communication from R.Ashton,"Ashton, R., . (2009) personal communication.",,,,,,,2174,4356,193.9625,840.75,885.2875,63.6625
33860,public_pf_data.851045,851045,True,True,Ethiopia,ETH,Africa,58692,Shebel Fana,8.479,34.5888,RURAL,10,2009,12,2009,7,15,107,0,0.0,Microscopy,,,,6373,Personal communication from R.Ashton,"Ashton, R., . (2009) personal communication.",,,,,,,1488,1987,229.2625,1221.2375,1202.35,72.6
33926,public_pf_data.850989,850989,True,True,Ethiopia,ETH,Africa,58702,Dogano Adami,8.8923,35.0732,RURAL,10,2009,12,2009,7,15,101,0,0.0,Microscopy,,,,6373,Personal communication from R.Ashton,"Ashton, R., . (2009) personal communication.",,,,,,,1522,1965,208.2875,1188.9125,1448.525,82.1875
33927,public_pf_data.851046,851046,True,True,Ethiopia,ETH,Africa,58724,Shonge,9.3239,34.6097,RURAL,10,2009,12,2009,7,15,109,0,0.0,Microscopy,,,,6373,Personal communication from R.Ashton,"Ashton, R., . (2009) personal communication.",,,,,,,1580,5882,207.015,1364.775,1310.5875,81.655
33980,public_pf_data.851106,851106,True,True,Ethiopia,ETH,Africa,58800,Wama Daire,8.7646,36.7579,RURAL,10,2009,12,2009,8,16,109,0,0.0,Microscopy,,,,6373,Personal communication from R.Ashton,"Ashton, R., . (2009) personal communication.",,,,,,,1536,4918,204.72,1154.1175,1603.8125,81.2
33981,public_pf_data.851107,851107,True,True,Ethiopia,ETH,Africa,58759,Bilida,7.7957,36.7957,RURAL,10,2009,12,2009,7,15,110,0,0.0,Microscopy,,,,6373,Personal communication from R.Ashton,"Ashton, R., . (2009) personal communication.",,,,,,,1905,1887,186.905,884.0375,1850.3525,67.01
33982,public_pf_data.851108,851108,True,True,Ethiopia,ETH,Africa,58761,Kentery,7.8636,36.7973,RURAL,10,2009,12,2009,7,15,110,0,0.0,Microscopy,,,,6373,Personal communication from R.Ashton,"Ashton, R., . (2009) personal communication.",,,,,,,1737,1772,192.585,947.8375,1856.7925,67.97
33983,public_pf_data.851109,851109,True,True,Ethiopia,ETH,Africa,58760,Somodo,7.7734,36.7999,RURAL,10,2009,12,2009,7,16,110,0,0.0,Microscopy,,,,6373,Personal communication from R.Ashton,"Ashton, R., . (2009) personal communication.",,,,,,,1955,1501,186.3875,871.275,1825.325,65.9875
33984,public_pf_data.851110,851110,True,True,Ethiopia,ETH,Africa,58754,Koma,8.4486,36.854,RURAL,10,2009,12,2009,7,16,110,0,0.0,Microscopy,,,,6373,Personal communication from R.Ashton,"Ashton, R., . (2009) personal communication.",,,,,,,1930,6652,203.3,931.5875,1832.6625,79.6
33985,public_pf_data.851111,851111,True,True,Ethiopia,ETH,Africa,58794,Dako,8.7554,36.8562,RURAL,10,2009,12,2009,7,16,111,0,0.0,Microscopy,,,,6373,Personal communication from R.Ashton,"Ashton, R., . (2009) personal communication.",,,,,,,1502,4978,209.5375,1167.4875,1502.0625,81.1375
33986,public_pf_data.851112,851112,True,True,Ethiopia,ETH,Africa,58796,Felamo Yubdo,9.0549,36.8836,RURAL,10,2009,12,2009,7,15,110,0,0.0,Microscopy,,,,6373,Personal communication from R.Ashton,"Ashton, R., . (2009) personal communication.",,,,,,,1857,3904,190.25,1102.86,1509.1975,83.0225
33987,public_pf_data.851113,851113,True,True,Ethiopia,ETH,Africa,58743,Korti Weserbi,7.5704,36.9107,RURAL,10,2009,12,2009,7,16,110,4,0.0364,Microscopy,,,,6373,Personal communication from R.Ashton,"Ashton, R., . (2009) personal communication.",,,,,,,1802,2851,187.2125,839.4825,1605.6325,60.3075
33988,public_pf_data.851114,851114,True,True,Ethiopia,ETH,Africa,58745,Babo,7.7056,36.9335,RURAL,10,2009,12,2009,7,14,109,0,0.0,Microscopy,,,,6373,Personal communication from R.Ashton,"Ashton, R., . (2009) personal communication.",,,,,,,1818,4859,188.525,898.8625,1700.7625,66.3
33989,public_pf_data.851115,851115,True,True,Ethiopia,ETH,Africa,58795,Ago Laften,9.1567,36.9438,RURAL,10,2009,12,2009,7,16,109,0,0.0,Microscopy,,,,6373,Personal communication from R.Ashton,"Ashton, R., . (2009) personal communication.",,,,,,,1956,5827,183.9625,1073.11,1511.965,84.7975
33990,public_pf_data.851116,851116,True,True,Ethiopia,ETH,Africa,58746,Kalacha,7.6245,36.9891,RURAL,10,2009,12,2009,7,16,108,5,0.0463,Microscopy,,,,6373,Personal communication from R.Ashton,"Ashton, R., . (2009) personal communication.",,,,,,,1766,2655,190.015,888.62,1572.84,63.2175
33991,public_pf_data.851117,851117,True,True,Ethiopia,ETH,Africa,58793,Ongobo Bekennisa,9.0856,36.9941,RURAL,10,2009,12,2009,7,17,108,0,0.0,Microscopy,,,,6373,Personal communication from R.Ashton,"Ashton, R., . (2009) personal communication.",,,,,,,1736,4547,193.9875,1136.03,1375.1725,82.4025
33992,public_pf_data.851118,851118,True,True,Ethiopia,ETH,Africa,58755,Luku Chime,8.1466,36.9957,RURAL,10,2009,12,2009,7,15,109,2,0.0183,Microscopy,,,,6373,Personal communication from R.Ashton,"Ashton, R., . (2009) personal communication.",,,,,,,1695,2650,200.5625,919.6375,1996.8,78.2125
33993,public_pf_data.851119,851119,True,True,Ethiopia,ETH,Africa,58747,Kitimbile,7.7082,37.0276,RURAL,10,2009,12,2009,8,16,108,5,0.0463,Microscopy,,,,6373,Personal communication from R.Ashton,"Ashton, R., . (2009) personal communication.",,,,,,,1737,2943,192.5,950.625,1610.9875,67.65
33994,public_pf_data.851120,851120,True,True,Ethiopia,ETH,Africa,58753,Rayya,8.442,37.0569,RURAL,10,2009,12,2009,7,16,110,1,0.9091,Microscopy,,,,6373,Personal communication from R.Ashton,"Ashton, R., . (2009) personal communication.",,,,,,,1662,5464,203.26,899.825,1713.485,78.7225
33995,public_pf_data.851121,851121,True,True,Ethiopia,ETH,Africa,58803,Sobokumi,9.9101,37.0951,RURAL,10,2009,12,2009,8,13,110,0,0.0,Microscopy,,,,6373,Personal communication from R.Ashton,"Ashton, R., . (2009) personal communication.",,,,,,,2341,2594,159.285,903.1025,1634.9975,91.65
33996,public_pf_data.851122,851122,True,True,Ethiopia,ETH,Africa,58748,Bulbul,7.7261,37.1103,RURAL,10,2009,12,2009,8,15,110,3,0.0273,Microscopy,,,,6373,Personal communication from R.Ashton,"Ashton, R., . (2009) personal communication.",,,,,,,1748,2488,192.675,973.4375,1542.325,68.75
33997,public_pf_data.851123,851123,True,True,Ethiopia,ETH,Africa,58752,Siba,7.7618,37.1853,RURAL,10,2009,12,2009,8,16,110,5,0.0455,Microscopy,,,,6373,Personal communication from R.Ashton,"Ashton, R., . (2009) personal communication.",,,,,,,1702,1199,193.9375,1002.2625,1483.0875,69.725
33998,public_pf_data.851124,851124,True,True,Ethiopia,ETH,Africa,58751,Waktola,7.7477,37.2193,RURAL,10,2009,12,2009,7,15,110,14,0.1273,Microscopy,,,,6373,Personal communication from R.Ashton,"Ashton, R., . (2009) personal communication.",,,,,,,1749,2602,195.27,1015.775,1432.2175,69.3
33999,public_pf_data.851125,851125,True,True,Ethiopia,ETH,Africa,58750,Nada Chala,7.6222,37.2206,RURAL,10,2009,12,2009,7,16,110,4,0.0364,Microscopy,,,,6373,Personal communication from R.Ashton,"Ashton, R., . (2009) personal communication.",,,,,,,1840,1250,188.7925,972.1825,1387.8775,65.265
34001,public_pf_data.851127,851127,True,True,Ethiopia,ETH,Africa,58766,Humuru Korke,8.8988,37.3451,RURAL,10,2009,12,2009,8,16,105,0,0.0,Microscopy,,,,6373,Personal communication from R.Ashton,"Ashton, R., . (2009) personal communication.",,,,,,,1679,7044,194.1125,1120.8,1252.25,82.325
34002,public_pf_data.851128,851128,True,True,Ethiopia,ETH,Africa,58765,Kakaro Jibat,8.6991,37.3466,RURAL,10,2009,12,2009,8,16,110,1,0.9091,Microscopy,,,,6373,Personal communication from R.Ashton,"Ashton, R., . (2009) personal communication.",,,,,,,2111,6853,183.395,946.74,1408.21,80.4025
34003,public_pf_data.851129,851129,True,True,Ethiopia,ETH,Africa,58749,Gangalata,7.8775,37.3792,RURAL,10,2009,12,2009,6,15,110,0,0.0,Microscopy,,,,6373,Personal communication from R.Ashton,"Ashton, R., . (2009) personal communication.",,,,,,,1838,1830,193.365,959.7825,1373.1925,69.955
34004,public_pf_data.851130,851130,True,True,Ethiopia,ETH,Africa,58685,Hatuse,5.12,37.41,RURAL,5,2009,5,2009,5,16,112,8,0.0714,Microscopy,,,,6373,Personal communication from R.Ashton,"Ashton, R., . (2009) personal communication.",,,,,,,1187,2295,231.365,1261.2875,480.315,64.1
34005,public_pf_data.851131,851131,True,True,Ethiopia,ETH,Africa,58805,Fincha Vally,9.7905,37.4124,RURAL,10,2009,12,2009,8,15,110,0,0.0,Microscopy,,,,6373,Personal communication from R.Ashton,"Ashton, R., . (2009) personal communication.",,,,,,,1459,1961,202.185,1326.02,1127.94,100.4275
34006,public_pf_data.851132,851132,True,True,Ethiopia,ETH,Africa,58768,Gombore,8.4993,37.6791,RURAL,10,2009,12,2009,8,16,110,2,0.0182,Microscopy,,,,6373,Personal communication from R.Ashton,"Ashton, R., . (2009) personal communication.",,,,,,,1740,822,191.55,1068.2325,1251.7775,80.1
34007,public_pf_data.851133,851133,True,True,Ethiopia,ETH,Africa,58769,Leman Metahora,8.597000000000001,37.8315,RURAL,10,2009,12,2009,7,16,110,0,0.0,Microscopy,,,,6373,Personal communication from R.Ashton,"Ashton, R., . (2009) personal communication.",,,,,,,2003,8644,176.6775,1064.4925,1234.0725,83.25
34008,public_pf_data.851134,851134,True,True,Ethiopia,ETH,Africa,58767,Guru Baka,8.4754,37.9556,RURAL,10,2009,12,2009,7,16,101,1,0.9901,Microscopy,,,,6373,Personal communication from R.Ashton,"Ashton, R., . (2009) personal communication.",,,,,,,1933,2021,180.8875,1072.7125,1240.1875,85.4375
34009,public_pf_data.851135,851135,True,True,Ethiopia,ETH,Africa,58681,Soyamo Suro,5.56,38.02,RURAL,5,2009,5,2009,7,16,109,0,0.0,Microscopy,,,,6373,Personal communication from R.Ashton,"Ashton, R., . (2009) personal communication.",,,,,,,1905,1804,197.6875,885.125,854.125,69.1875
34010,public_pf_data.851136,851136,True,True,Ethiopia,ETH,Africa,58680,Metokonya Hora,5.6,38.14,RURAL,5,2009,5,2009,7,16,109,0,0.0,Microscopy,,,,6373,Personal communication from R.Ashton,"Ashton, R., . (2009) personal communication.",,,,,,,1886,12362,193.705,783.505,855.27,73.105
34011,public_pf_data.851137,851137,True,True,Ethiopia,ETH,Africa,58683,Dida Yabelo,5.07,38.25,RURAL,5,2009,5,2009,5,16,108,0,0.0,Microscopy,,,,6373,Personal communication from R.Ashton,"Ashton, R., . (2009) personal communication.",,,,,,,1611,6863,197.35,1062.8975,585.635,84.95
34012,public_pf_data.851138,851138,True,True,Ethiopia,ETH,Africa,58679,Mure Turkuma,5.7117,38.263000000000005,RURAL,5,2009,5,2009,7,17,105,0,0.0,Microscopy,,,,6373,Personal communication from R.Ashton,"Ashton, R., . (2009) personal communication.",,,,,,,1938,4489,184.32,700.8525,1003.05,71.085
34013,public_pf_data.851139,851139,True,True,Ethiopia,ETH,Africa,58783,Albula Geta,7.3651,38.3136,RURAL,10,2009,12,2009,8,16,104,0,0.0,Microscopy,,,,6373,Personal communication from R.Ashton,"Ashton, R., . (2009) personal communication.",,,,,,,1805,9364,189.65,725.8375,922.8875,54.85
34014,public_pf_data.851140,851140,True,True,Ethiopia,ETH,Africa,58782,Danisa Bunge,7.3123,38.3987,RURAL,10,2009,12,2009,6,15,109,0,0.0,Microscopy,,,,6373,Personal communication from R.Ashton,"Ashton, R., . (2009) personal communication.",,,,,,,1645,999,192.0625,731.9375,905.5625,54.0625
34015,public_pf_data.851141,851141,True,True,Ethiopia,ETH,Africa,58786,Sondi,7.3283,38.4259,RURAL,10,2009,12,2009,5,15,110,0,0.0,Microscopy,,,,6373,Personal communication from R.Ashton,"Ashton, R., . (2009) personal communication.",,,,,,,1694,2162,194.1725,732.7475,870.7925,54.0925
34016,public_pf_data.851142,851142,True,True,Ethiopia,ETH,Africa,58785,Keransa Kubi,7.3304,38.4823,RURAL,10,2009,12,2009,7,16,104,0,0.0,Microscopy,,,,6373,Personal communication from R.Ashton,"Ashton, R., . (2009) personal communication.",,,,,,,1674,7345,194.425,735.6375,856.6125,54.0375
34017,public_pf_data.851143,851143,True,True,Ethiopia,ETH,Africa,58784,Cafa Qerensa,7.2976,38.4903,RURAL,10,2009,12,2009,9,16,110,0,0.0,Microscopy,,,,6373,Personal communication from R.Ashton,"Ashton, R., . (2009) personal communication.",,,,,,,1680,6657,193.335,727.7125,883.7375,53.4325
34018,public_pf_data.851144,851144,True,True,Ethiopia,ETH,Africa,58787,Toga,7.1648,38.5255,RURAL,10,2009,12,2009,7,16,108,0,0.0,Microscopy,,,,6373,Personal communication from R.Ashton,"Ashton, R., . (2009) personal communication.",,,,,,,1809,6304,187.745,728.42,1015.21,51.75
34019,public_pf_data.851145,851145,True,True,Ethiopia,ETH,Africa,58781,Kersa Gera,7.3525,38.6353,RURAL,10,2009,12,2009,7,16,109,0,0.0,Microscopy,,,,6373,Personal communication from R.Ashton,"Ashton, R., . (2009) personal communication.",,,,,,,1822,5698,186.1125,803.075,860.2125,55.075
34020,public_pf_data.851146,851146,True,True,Ethiopia,ETH,Africa,58778,Abine Germama,7.9926,38.6811,RURAL,10,2009,12,2009,7,16,110,0,0.0,Microscopy,,,,6373,Personal communication from R.Ashton,"Ashton, R., . (2009) personal communication.",,,,,,,1679,6345,190.5725,756.57,907.55,62.5775
34021,public_pf_data.851147,851147,True,True,Ethiopia,ETH,Africa,58777,Jela Aluto,7.7633,38.6886,RURAL,10,2009,12,2009,8,16,110,0,0.0,Microscopy,,,,6373,Personal communication from R.Ashton,"Ashton, R., . (2009) personal communication.",,,,,,,1648,2324,193.5375,813.3875,738.45,63.7
34022,public_pf_data.851148,851148,True,True,Ethiopia,ETH,Africa,58779,Wedesa Horgocho,8.1747,38.696999999999996,RURAL,10,2009,12,2009,8,16,110,0,0.0,Microscopy,,,,6373,Personal communication from R.Ashton,"Ashton, R., . (2009) personal communication.",,,,,,,1759,3496,189.965,829.12,952.345,68.5
34023,public_pf_data.851149,851149,True,True,Ethiopia,ETH,Africa,58780,Doyo Leman,8.3568,38.8453,RURAL,10,2009,12,2009,8,16,110,0,0.0,Microscopy,,,,6373,Personal communication from R.Ashton,"Ashton, R., . (2009) personal communication.",,,,,,,1702,3049,197.925,1053.5875,882.875,84.35
34024,public_pf_data.851150,851150,True,True,Ethiopia,ETH,Africa,58789,Beshra Chefa,7.9231,38.8844,RURAL,10,2009,12,2009,7,15,108,0,0.0,Microscopy,,,,6373,Personal communication from R.Ashton,"Ashton, R., . (2009) personal communication.",,,,,,,1726,367,191.96,872.6975,768.1025,65.7
34025,public_pf_data.851151,851151,True,True,Ethiopia,ETH,Africa,58775,Dirre,8.693999999999999,38.8953,RURAL,10,2009,12,2009,7,15,110,0,0.0,Microscopy,,,,6373,Personal communication from R.Ashton,"Ashton, R., . (2009) personal communication.",,,,,,,1955,9072,187.85,1121.375,912.6375,99.0625
34026,public_pf_data.851152,851152,True,True,Ethiopia,ETH,Africa,58774,Dololo Jila,8.5766,38.9027,RURAL,10,2009,12,2009,7,16,110,0,0.0,Microscopy,,,,6373,Personal communication from R.Ashton,"Ashton, R., . (2009) personal communication.",,,,,,,1742,1993,190.2225,1152.505,908.1175,94.7825
34027,public_pf_data.851153,851153,True,True,Ethiopia,ETH,Africa,58776,Gongo,8.5048,38.988,RURAL,10,2009,12,2009,7,16,111,0,0.0,Microscopy,,,,6373,Personal communication from R.Ashton,"Ashton, R., . (2009) personal communication.",,,,,,,1643,4083,202.8575,1293.99,851.085,97.35
34028,public_pf_data.851154,851154,True,True,Ethiopia,ETH,Africa,58772,Bati Germama,8.4592,39.179,RURAL,10,2009,12,2009,8,16,110,0,0.0,Microscopy,,,,6373,Personal communication from R.Ashton,"Ashton, R., . (2009) personal communication.",,,,,,,1595,886,206.75,1486.3325,810.5875,98.935
34029,public_pf_data.851155,851155,True,True,Ethiopia,ETH,Africa,58791,Aminya Debeso,8.2064,39.2998,RURAL,10,2009,12,2009,6,15,107,0,0.0,Microscopy,,,,6373,Personal communication from R.Ashton,"Ashton, R., . (2009) personal communication.",,,,,,,1918,10009,187.39,1345.42,875.1125,78.6375
34030,public_pf_data.851156,851156,True,True,Ethiopia,ETH,Africa,58773,Chale Kiltu,8.5253,39.3785,RURAL,10,2009,12,2009,8,16,110,0,0.0,Microscopy,,,,6373,Personal communication from R.Ashton,"Ashton, R., . (2009) personal communication.",,,,,,,1486,12166,211.3425,1525.7175,770.7875,95.0375
34031,public_pf_data.851157,851157,True,True,Ethiopia,ETH,Africa,58788,Garadilo,7.2264,39.501,RURAL,10,2009,12,2009,8,16,110,0,0.0,Microscopy,,,,6373,Personal communication from R.Ashton,"Ashton, R., . (2009) personal communication.",,,,,,,2417,1869,147.375,855.1625,931.6875,55.85
34032,public_pf_data.851158,851158,True,True,Ethiopia,ETH,Africa,58792,Ufara Agemesa,8.3486,39.5139,RURAL,10,2009,12,2009,8,16,110,0,0.0,Microscopy,,,,6373,Personal communication from R.Ashton,"Ashton, R., . (2009) personal communication.",,,,,,,1697,6413,196.8025,1401.4,852.43,80.74
34033,public_pf_data.851159,851159,True,True,Ethiopia,ETH,Africa,58771,Tututi,8.8836,39.7774,RURAL,10,2009,12,2009,8,16,110,0,0.0,Microscopy,,,,6373,Personal communication from R.Ashton,"Ashton, R., . (2009) personal communication.",,,,,,,1127,8588,247.875,1901.5825,589.64,85.195
34034,public_pf_data.851160,851160,True,True,Ethiopia,ETH,Africa,58790,Habe Danzega,7.8223,39.7803,RURAL,10,2009,12,2009,7,16,110,0,0.0,Microscopy,,,,6373,Personal communication from R.Ashton,"Ashton, R., . (2009) personal communication.",,,,,,,2431,5980,157.7975,723.24,1173.495,50.2975
34035,public_pf_data.851161,851161,True,True,Ethiopia,ETH,Africa,58770,Debita,8.994,39.8374,RURAL,10,2009,12,2009,7,16,110,0,0.0,Microscopy,,,,6373,Personal communication from R.Ashton,"Ashton, R., . (2009) personal communication.",,,,,,,1012,11871,245.8825,1906.345,626.44,81.5425
34036,public_pf_data.851162,851162,True,True,Ethiopia,ETH,Africa,58818,Ijara,8.3784,40.3698,RURAL,10,2009,12,2009,6,15,43,0,0.0,Microscopy,,,,6373,Personal communication from R.Ashton,"Ashton, R., . (2009) personal communication.",,,,,,,1553,5950,215.0,1315.3025,896.53,60.005
34037,public_pf_data.851163,851163,True,True,Ethiopia,ETH,Africa,58816,Eltoke,8.8757,40.3708,RURAL,10,2009,12,2009,8,15,110,0,0.0,Microscopy,,,,6373,Personal communication from R.Ashton,"Ashton, R., . (2009) personal communication.",,,,,,,1746,5576,220.835,1549.845,940.3575,63.0025
34038,public_pf_data.851164,851164,True,True,Ethiopia,ETH,Africa,58819,Gudis,8.5641,40.4205,RURAL,10,2009,12,2009,7,15,107,0,0.0,Microscopy,,,,6373,Personal communication from R.Ashton,"Ashton, R., . (2009) personal communication.",,,,,,,1700,5440,208.9125,1286.7125,978.825,60.5625
34039,public_pf_data.851165,851165,True,True,Ethiopia,ETH,Africa,58815,Oda Ananl,8.8181,40.4641,RURAL,10,2009,12,2009,7,15,100,0,0.0,Microscopy,,,,6373,Personal communication from R.Ashton,"Ashton, R., . (2009) personal communication.",,,,,,,1734,7798,199.165,1273.115,1108.5325,63.335
34040,public_pf_data.851166,851166,True,True,Ethiopia,ETH,Africa,58817,Melike Belo,8.82,40.53,RURAL,10,2009,12,2009,7,15,109,0,0.0,Microscopy,,,,6373,Personal communication from R.Ashton,"Ashton, R., . (2009) personal communication.",,,,,,,1784,4186,196.205,1213.355,1109.8525,63.095
34041,public_pf_data.851167,851167,True,True,Ethiopia,ETH,Africa,58812,Haro Muda,8.6852,40.6098,RURAL,10,2009,12,2009,6,16,105,0,0.0,Microscopy,,,,6373,Personal communication from R.Ashton,"Ashton, R., . (2009) personal communication.",,,,,,,1795,3784,202.325,1181.25,1048.375,60.75
34042,public_pf_data.851168,851168,True,True,Ethiopia,ETH,Africa,58814,Dhera Jambo,8.7469,40.6467,RURAL,10,2009,12,2009,7,15,109,0,0.0,Microscopy,,,,6373,Personal communication from R.Ashton,"Ashton, R., . (2009) personal communication.",,,,,,,1879,3318,198.8625,1155.975,1079.1625,61.3375
34043,public_pf_data.851169,851169,True,True,Ethiopia,ETH,Africa,58806,Deneba Hunde Misoma,9.1998,40.6572,RURAL,10,2009,12,2009,6,14,105,0,0.0,Microscopy,,,,6373,Personal communication from R.Ashton,"Ashton, R., . (2009) personal communication.",,,,,,,1497,5941,223.8625,1613.04,919.0225,61.605
34044,public_pf_data.851170,851170,True,True,Ethiopia,ETH,Africa,58813,Midhagdu,8.8762,40.7848,RURAL,10,2009,12,2009,6,16,80,0,0.0,Microscopy,,,,6373,Personal communication from R.Ashton,"Ashton, R., . (2009) personal communication.",,,,,,,1663,644,196.205,1114.3375,1076.17,61.2
34045,public_pf_data.851171,851171,True,True,Ethiopia,ETH,Africa,58807,Huse Mandera,9.1864,40.7868,RURAL,10,2009,12,2009,7,15,103,0,0.0,Microscopy,,,,6373,Personal communication from R.Ashton,"Ashton, R., . (2009) personal communication.",,,,,,,1431,2473,221.825,1534.8375,903.725,61.25
34046,public_pf_data.851172,851172,True,True,Ethiopia,ETH,Africa,58810,Legelaftu,8.9247,40.8317,RURAL,10,2009,12,2009,6,15,104,0,0.0,Microscopy,,,,6373,Personal communication from R.Ashton,"Ashton, R., . (2009) personal communication.",,,,,,,1818,997,182.6475,1002.5725,1124.0875,63.3475
34047,public_pf_data.851173,851173,True,True,Ethiopia,ETH,Africa,58811,Homecho Dayo,8.7661,40.8815,RURAL,10,2009,12,2009,6,15,108,0,0.0,Microscopy,,,,6373,Personal communication from R.Ashton,"Ashton, R., . (2009) personal communication.",,,,,,,1627,293,206.995,1107.6075,971.165,59.6
34048,public_pf_data.851174,851174,True,True,Ethiopia,ETH,Africa,58808,Yabo Bobasa,8.7662,40.8815,RURAL,10,2009,12,2009,6,18,110,0,0.0,Microscopy,,,,6373,Personal communication from R.Ashton,"Ashton, R., . (2009) personal communication.",,,,,,,1627,286,206.995,1107.6075,971.165,59.6
34049,public_pf_data.851175,851175,True,True,Ethiopia,ETH,Africa,58809,Wedeyiti,9.1064,40.882,RURAL,10,2009,12,2009,6,15,97,0,0.0,Microscopy,,,,6373,Personal communication from R.Ashton,"Ashton, R., . (2009) personal communication.",,,,,,,1851,1956,194.8125,1174.55,1061.4625,63.8625
34050,public_pf_data.851176,851176,True,True,Ethiopia,ETH,Africa,58823,Tokumma Mata Lencha,9.1895,40.9838,RURAL,10,2009,12,2009,7,16,110,0,0.0,Microscopy,,,,6373,Personal communication from R.Ashton,"Ashton, R., . (2009) personal communication.",,,,,,,1757,8372,191.5875,1136.4375,1055.8875,65.375
34051,public_pf_data.851177,851177,True,True,Ethiopia,ETH,Africa,58824,Kencha Wadesa,9.1873,41.0049,RURAL,10,2009,12,2009,7,16,100,0,0.0,Microscopy,,,,6373,Personal communication from R.Ashton,"Ashton, R., . (2009) personal communication.",,,,,,,1848,10252,188.6375,1104.6875,1066.5375,65.875
34052,public_pf_data.851178,851178,True,True,Ethiopia,ETH,Africa,58820,Dire Negeha,9.3063,41.0365,RURAL,10,2009,12,2009,8,16,105,1,0.9524,Microscopy,,,,6373,Personal communication from R.Ashton,"Ashton, R., . (2009) personal communication.",,,,,,,1699,2503,200.805,1257.4825,992.9425,65.7075
34053,public_pf_data.851179,851179,True,True,Ethiopia,ETH,Africa,58822,Dire Bela,9.28,41.07,RURAL,10,2009,12,2009,6,16,110,0,0.0,Microscopy,,,,6373,Personal communication from R.Ashton,"Ashton, R., . (2009) personal communication.",,,,,,,1799,842,190.59,1130.575,1038.7425,67.095
34054,public_pf_data.851180,851180,True,True,Ethiopia,ETH,Africa,58825,Gemechis,9.1352,41.1138,RURAL,10,2009,12,2009,8,16,99,0,0.0,Microscopy,,,,6373,Personal communication from R.Ashton,"Ashton, R., . (2009) personal communication.",,,,,,,1896,3785,183.915,966.84,1052.3375,65.6825
34055,public_pf_data.851181,851181,True,True,Ethiopia,ETH,Africa,58827,Lubu Dekeba,9.0751,41.1456,RURAL,10,2009,12,2009,8,15,102,0,0.0,Microscopy,,,,6373,Personal communication from R.Ashton,"Ashton, R., . (2009) personal communication.",,,,,,,2192,3329,186.6,943.2375,1025.25,64.65
34056,public_pf_data.851182,851182,True,True,Ethiopia,ETH,Africa,58829,Aba Chebisi,9.03,41.15,RURAL,10,2009,12,2009,9,16,94,0,0.0,Microscopy,,,,6373,Personal communication from R.Ashton,"Ashton, R., . (2009) personal communication.",,,,,,,2218,4342,190.4625,949.5375,1002.3,63.525
34057,public_pf_data.851183,851183,True,True,Ethiopia,ETH,Africa,58828,Dukana Ibsa,9.033999999999999,41.1509,RURAL,10,2009,12,2009,7,16,108,0,0.0,Microscopy,,,,6373,Personal communication from R.Ashton,"Ashton, R., . (2009) personal communication.",,,,,,,2320,4237,189.9825,944.0375,1003.54,63.565
34058,public_pf_data.851184,851184,True,True,Ethiopia,ETH,Africa,58821,Misra Chifra,9.405,41.191,RURAL,10,2009,12,2009,6,16,109,0,0.0,Microscopy,,,,6373,Personal communication from R.Ashton,"Ashton, R., . (2009) personal communication.",,,,,,,1493,573,209.7,1379.9625,892.2125,66.1375
34059,public_pf_data.851185,851185,True,True,Ethiopia,ETH,Africa,58826,Bela Bukis,9.1511,41.205,RURAL,10,2009,12,2009,7,15,104,0,0.0,Microscopy,,,,6373,Personal communication from R.Ashton,"Ashton, R., . (2009) personal communication.",,,,,,,1971,1659,175.2075,869.2475,1069.9825,67.57
34060,public_pf_data.851186,851186,True,True,Ethiopia,ETH,Africa,58850,Dire Kufa,8.9945,41.3146,RURAL,10,2009,12,2009,7,16,109,0,0.0,Microscopy,,,,6373,Personal communication from R.Ashton,"Ashton, R., . (2009) personal communication.",,,,,,,1391,536,197.75,872.075,912.7875,61.2375
34061,public_pf_data.851187,851187,True,True,Ethiopia,ETH,Africa,58847,Degaya Belo,8.992,41.3965,RURAL,10,2009,12,2009,6,14,106,0,0.0,Microscopy,,,,6373,Personal communication from R.Ashton,"Ashton, R., . (2009) personal communication.",,,,,,,1376,4985,202.775,866.3125,862.5375,60.4
34062,public_pf_data.851188,851188,True,True,Ethiopia,ETH,Africa,58846,Nedhi 2nd,9.4602,41.4014,RURAL,10,2009,12,2009,7,16,107,0,0.0,Microscopy,,,,6373,Personal communication from R.Ashton,"Ashton, R., . (2009) personal communication.",,,,,,,1760,3870,207.6025,1282.275,860.62,66.3825
34063,public_pf_data.851189,851189,True,True,Ethiopia,ETH,Africa,58839,Dima Jeneta,8.8262,41.5294,RURAL,10,2009,12,2009,8,16,103,0,0.0,Microscopy,,,,6373,Personal communication from R.Ashton,"Ashton, R., . (2009) personal communication.",,,,,,,1600,4231,206.53,751.0925,793.695,57.765
34064,public_pf_data.851190,851190,True,True,Ethiopia,ETH,Africa,58835,Jido Misra,8.7281,41.5532,RURAL,10,2009,12,2009,6,16,104,0,0.0,Microscopy,,,,6373,Personal communication from R.Ashton,"Ashton, R., . (2009) personal communication.",,,,,,,1364,5215,217.675,794.9375,722.025,57.0375
34065,public_pf_data.851191,851191,True,True,Ethiopia,ETH,Africa,58840,Badu,8.8865,41.5791,RURAL,10,2009,12,2009,7,16,104,0,0.0,Microscopy,,,,6373,Personal communication from R.Ashton,"Ashton, R., . (2009) personal communication.",,,,,,,1585,9546,198.095,698.1525,826.39,58.7
34066,public_pf_data.851192,851192,True,True,Ethiopia,ETH,Africa,58838,Oda Bishani,8.9874,41.622,RURAL,10,2009,12,2009,9,15,43,0,0.0,Microscopy,,,,6373,Personal communication from R.Ashton,"Ashton, R., . (2009) personal communication.",,,,,,,1795,3035,191.3175,689.6575,848.725,60.0475
34067,public_pf_data.851193,851193,True,True,Ethiopia,ETH,Africa,58836,Bereket,9.1368,41.6346,RURAL,10,2009,12,2009,7,16,108,0,0.0,Microscopy,,,,6373,Personal communication from R.Ashton,"Ashton, R., . (2009) personal communication.",,,,,,,2263,4771,178.1525,683.0125,907.4625,65.1125
34068,public_pf_data.851194,851194,True,True,Ethiopia,ETH,Africa,58841,Hergeti Mojo,8.782,41.7083,RURAL,10,2009,12,2009,7,16,110,0,0.0,Microscopy,,,,6373,Personal communication from R.Ashton,"Ashton, R., . (2009) personal communication.",,,,,,,1260,403,220.4525,763.295,677.295,55.95
34069,public_pf_data.851195,851195,True,True,Ethiopia,ETH,Africa,58837,Mojosede,9.1384,41.7384,RURAL,10,2009,12,2009,8,18,110,0,0.0,Microscopy,,,,6373,Personal communication from R.Ashton,"Ashton, R., . (2009) personal communication.",,,,,,,1571,2994,169.73,660.19,908.29,65.495
34070,public_pf_data.851196,851196,True,True,Ethiopia,ETH,Africa,58844,Ifa Jalela,9.4243,41.7534,RURAL,10,2009,12,2009,7,16,107,0,0.0,Microscopy,,,,6373,Personal communication from R.Ashton,"Ashton, R., . (2009) personal communication.",,,,,,,2130,4481,171.245,845.935,926.1575,69.71
34071,public_pf_data.851197,851197,True,True,Ethiopia,ETH,Africa,58842,Chafe Jeneta,8.902999999999999,41.826,RURAL,10,2009,12,2009,8,16,104,0,0.0,Microscopy,,,,6373,Personal communication from R.Ashton,"Ashton, R., . (2009) personal communication.",,,,,,,1459,2999,203.8275,684.535,738.1075,57.15
34072,public_pf_data.851198,851198,True,True,Ethiopia,ETH,Africa,58843,Milkawa,8.9745,41.8785,RURAL,10,2009,12,2009,7,16,106,0,0.0,Microscopy,,,,6373,Personal communication from R.Ashton,"Ashton, R., . (2009) personal communication.",,,,,,,1946,3214,187.3,687.3275,789.885,59.47
34073,public_pf_data.851199,851199,True,True,Ethiopia,ETH,Africa,58834,Ibada Gemechu,9.1429,42.2162,RURAL,10,2009,12,2009,6,13,105,0,0.0,Microscopy,,,,6373,Personal communication from R.Ashton,"Ashton, R., . (2009) personal communication.",,,,,,,1447,5350,213.5125,882.4375,661.075,58.0125
34074,public_pf_data.851200,851200,True,True,Ethiopia,ETH,Africa,58833,Ifa,9.2356,42.3192,RURAL,10,2009,12,2009,6,15,94,0,0.0,Microscopy,,,,6373,Personal communication from R.Ashton,"Ashton, R., . (2009) personal communication.",,,,,,,1648,4164,208.89,1000.4625,676.1475,59.7
34075,public_pf_data.851201,851201,True,True,Ethiopia,ETH,Africa,58830,Meyedin,9.3663,42.3604,RURAL,10,2009,12,2009,6,16,106,0,0.0,Microscopy,,,,6373,Personal communication from R.Ashton,"Ashton, R., . (2009) personal communication.",,,,,,,1875,3115,185.2975,1006.115,744.3575,64.2725
34076,public_pf_data.851202,851202,True,True,Ethiopia,ETH,Africa,58831,Abadir,9.3166,42.38,RURAL,10,2009,12,2009,7,16,110,0,0.0,Microscopy,,,,6373,Personal communication from R.Ashton,"Ashton, R., . (2009) personal communication.",,,,,,,1580,452,196.5875,1035.4,717.3875,62.025
34077,public_pf_data.851203,851203,True,True,Ethiopia,ETH,Africa,58832,Oda Sentela,9.3658,42.4915,RURAL,10,2009,12,2009,6,15,101,0,0.0,Microscopy,,,,6373,Personal communication from R.Ashton,"Ashton, R., . (2009) personal communication.",,,,,,,1585,2522,194.6975,1228.945,734.6825,63.4025
